ip,attempts
203.198.53.141,330
196.251.83.249,292
143.198.125.17,130
185.93.89.118,100
193.32.162.157,100
193.32.162.141,33
103.100.209.26,31
193.32.162.145,31
66.103.206.251,30
103.226.138.38,30
103.76.120.94,30
92.191.96.115,29
154.90.50.55,29
175.215.143.90,29
64.226.94.253,29
211.248.172.135,29
27.254.137.144,29
185.255.91.226,28
190.85.15.251,28
122.160.46.61,28
185.216.132.243,28
94.74.118.22,28
36.89.28.139,28
220.198.248.246,28
port,28
89.47.53.19,28
134.122.121.56,28
157.230.48.151,28
20.74.223.225,27
189.126.4.42,27
103.183.74.198,27
210.101.91.153,27
186.22.48.102,27
161.35.105.215,26
196.189.87.177,26
213.225.15.40,26
49.207.247.62,26
142.44.162.161,26
197.5.145.102,25
34.101.205.204,25
196.0.120.6,25
87.251.102.94,25
59.36.75.227,25
156.38.18.22,25
2.229.29.110,24
182.253.156.184,24
79.3.96.178,24
51.68.137.240,24
171.244.37.103,24
45.232.73.84,24
119.246.15.94,23
118.193.38.207,23
103.97.135.254,23
14.103.117.81,23
172.174.72.225,23
103.174.103.231,23
151.36.117.89,23
43.143.191.60,22
154.83.15.222,22
34.58.124.191,22
152.32.129.136,22
43.155.21.198,22
186.121.235.13,22
182.93.7.194,22
40.76.142.77,22
146.59.236.77,21
185.213.175.190,21
116.71.135.53,21
165.154.172.232,21
103.84.236.222,21
95.228.113.208,21
103.183.75.218,21
143.110.150.27,20
185.156.73.234,20
118.128.237.197,20
117.72.67.86,20
80.94.95.115,20
91.203.6.69,20
45.8.46.60,20
92.118.39.71,18
165.232.100.223,18
103.28.57.98,16
80.94.95.116,16
103.189.235.93,15
185.33.203.151,14
36.139.226.237,14
14.103.127.243,13
116.110.27.245,12
185.156.73.233,12
60.167.166.161,10
116.105.213.150,10
171.251.26.255,8
14.103.54.150,8
138.68.108.166,8
171.251.18.122,8
14.103.115.143,8
194.0.234.19,7
128.199.168.119,7
103.120.227.88,7
190.108.78.116,6
210.79.142.221,6
14.103.112.56,5
14.103.114.63,4
195.165.181.16,4
103.146.159.68,4
187.174.238.116,3
185.213.164.153,3
170.83.79.29,3
189.7.17.61,3
193.70.87.152,2
194.0.234.93,2
221.221.138.78,2
171.251.27.56,2
39.105.61.144,1
14.103.127.198,1
176.65.148.55,1
192.241.171.149,1
93.185.76.242,1
112.27.123.217,1
206.189.133.78,1
103.189.235.159,1
101.96.146.17,1
170.83.79.30,1
120.48.162.75,1
47.83.20.111,1
151.82.138.189,1
42.51.32.228,1